cod;nome;período;ValorMulheres;ValorMulheresNegras;ValorMulheresNaoNegras
11;RO;1989;47;;
11;RO;1990;37;;
11;RO;1991;33;;
11;RO;1992;35;;
11;RO;1993;55;;
11;RO;1994;37;;
11;RO;1995;37;;
11;RO;1996;43;0.0;0.0
11;RO;1997;33;4.0;8.0
11;RO;1998;45;7.0;11.0
11;RO;1999;38;15.0;12.0
11;RO;2000;46;22.0;14.0
11;RO;2001;65;35.0;23.0
11;RO;2002;44;25.0;12.0
11;RO;2003;51;29.0;22.0
11;RO;2004;33;13.0;17.0
11;RO;2005;49;30.0;14.0
11;RO;2006;51;31.0;19.0
11;RO;2007;28;20.0;8.0
11;RO;2008;39;20.0;16.0
11;RO;2009;51;35.0;15.0
11;RO;2010;37;23.0;11.0
11;RO;2011;48;31.0;14.0
11;RO;2012;51;36.0;13.0
11;RO;2013;52;28.0;20.0
11;RO;2014;56;38.0;15.0
11;RO;2015;63;49.0;13.0
11;RO;2016;54;34.0;18.0
11;RO;2017;62;40.0;22.0
11;RO;2018;42;28.0;14.0
11;RO;2019;43;31.0;11.0
11;RO;2020;54;39.0;12.0
11;RO;2021;54;36.0;18.0
11;RO;2022;65;46.0;18.0
11;RO;2023;54;40.0;13.0
12;AC;1989;6;;
12;AC;1990;6;;
12;AC;1991;9;;
12;AC;1992;13;;
12;AC;1993;12;;
12;AC;1994;11;;
12;AC;1995;16;;
12;AC;1996;15;0.0;0.0
12;AC;1997;14;3.0;0.0
12;AC;1998;12;1.0;1.0
12;AC;1999;7;2.0;3.0
12;AC;2000;13;7.0;5.0
12;AC;2001;12;5.0;4.0
12;AC;2002;11;8.0;3.0
12;AC;2003;15;7.0;6.0
12;AC;2004;10;7.0;3.0
12;AC;2005;13;8.0;5.0
12;AC;2006;15;8.0;6.0
12;AC;2007;18;9.0;8.0
12;AC;2008;13;5.0;5.0
12;AC;2009;16;6.0;6.0
12;AC;2010;19;13.0;3.0
12;AC;2011;18;11.0;4.0
12;AC;2012;16;14.0;1.0
12;AC;2013;32;29.0;3.0
12;AC;2014;20;16.0;4.0
12;AC;2015;19;14.0;5.0
12;AC;2016;23;19.0;4.0
12;AC;2017;34;24.0;9.0
12;AC;2018;35;28.0;6.0
12;AC;2019;32;25.0;5.0
12;AC;2020;27;21.0;6.0
12;AC;2021;28;26.0;2.0
12;AC;2022;23;16.0;5.0
12;AC;2023;18;15.0;3.0
13;AM;1989;31;;
13;AM;1990;31;;
13;AM;1991;18;;
13;AM;1992;26;;
13;AM;1993;33;;
13;AM;1994;27;;
13;AM;1995;42;;
13;AM;1996;33;0.0;0.0
13;AM;1997;33;25.0;4.0
13;AM;1998;52;45.0;2.0
13;AM;1999;51;45.0;4.0
13;AM;2000;36;28.0;6.0
13;AM;2001;55;45.0;8.0
13;AM;2002;35;27.0;7.0
13;AM;2003;35;30.0;5.0
13;AM;2004;49;34.0;13.0
13;AM;2005;48;40.0;7.0
13;AM;2006;53;33.0;18.0
13;AM;2007;52;43.0;7.0
13;AM;2008;63;56.0;7.0
13;AM;2009;67;60.0;7.0
13;AM;2010;65;60.0;5.0
13;AM;2011;81;66.0;15.0
13;AM;2012;118;89.0;28.0
13;AM;2013;96;71.0;22.0
13;AM;2014;80;64.0;13.0
13;AM;2015;115;96.0;18.0
13;AM;2016;116;93.0;22.0
13;AM;2017;115;98.0;16.0
13;AM;2018;127;110.0;15.0
13;AM;2019;118;93.0;25.0
13;AM;2020;85;66.0;18.0
13;AM;2021;135;111.0;24.0
13;AM;2022;118;91.0;26.0
13;AM;2023;122;107.0;16.0
14;RR;1989;12;;
14;RR;1990;20;;
14;RR;1991;9;;
14;RR;1992;9;;
14;RR;1993;4;;
14;RR;1994;6;;
14;RR;1995;8;;
14;RR;1996;18;0.0;0.0
14;RR;1997;10;2.0;1.0
14;RR;1998;12;9.0;3.0
14;RR;1999;15;6.0;8.0
14;RR;2000;22;12.0;10.0
14;RR;2001;7;6.0;1.0
14;RR;2002;12;9.0;3.0
14;RR;2003;6;5.0;1.0
14;RR;2004;7;3.0;3.0
14;RR;2005;11;9.0;2.0
14;RR;2006;13;3.0;10.0
14;RR;2007;19;10.0;8.0
14;RR;2008;15;5.0;9.0
14;RR;2009;24;12.0;11.0
14;RR;2010;11;9.0;2.0
14;RR;2011;10;9.0;1.0
14;RR;2012;17;7.0;10.0
14;RR;2013;36;14.0;21.0
14;RR;2014;24;10.0;14.0
14;RR;2015;29;10.0;17.0
14;RR;2016;25;10.0;14.0
14;RR;2017;27;16.0;11.0
14;RR;2018;53;26.0;26.0
14;RR;2019;33;19.0;14.0
14;RR;2020;35;15.0;18.0
14;RR;2021;20;12.0;8.0
14;RR;2022;31;13.0;18.0
14;RR;2023;31;15.0;15.0
15;PA;1989;51;;
15;PA;1990;78;;
15;PA;1991;72;;
15;PA;1992;56;;
15;PA;1993;46;;
15;PA;1994;59;;
15;PA;1995;59;;
15;PA;1996;78;0.0;0.0
15;PA;1997;76;23.0;2.0
15;PA;1998;67;45.0;10.0
15;PA;1999;39;31.0;1.0
15;PA;2000;63;55.0;7.0
15;PA;2001;97;74.0;20.0
15;PA;2002;73;62.0;10.0
15;PA;2003;93;78.0;15.0
15;PA;2004;93;77.0;14.0
15;PA;2005;127;101.0;26.0
15;PA;2006;140;118.0;21.0
15;PA;2007;144;112.0;26.0
15;PA;2008;169;139.0;27.0
15;PA;2009;180;152.0;23.0
15;PA;2010;231;197.0;30.0
15;PA;2011;186;154.0;27.0
15;PA;2012;232;202.0;27.0
15;PA;2013;231;190.0;35.0
15;PA;2014;249;221.0;21.0
15;PA;2015;261;236.0;20.0
15;PA;2016;294;274.0;14.0
15;PA;2017;311;286.0;21.0
15;PA;2018;323;282.0;32.0
15;PA;2019;232;204.0;21.0
15;PA;2020;193;166.0;23.0
15;PA;2021;208;185.0;17.0
15;PA;2022;203;175.0;18.0
15;PA;2023;192;171.0;16.0
16;AP;1989;3;;
16;AP;1990;5;;
16;AP;1991;5;;
16;AP;1992;4;;
16;AP;1993;5;;
16;AP;1994;16;;
16;AP;1995;11;;
16;AP;1996;16;0.0;0.0
16;AP;1997;12;7.0;2.0
16;AP;1998;12;9.0;3.0
16;AP;1999;17;16.0;1.0
16;AP;2000;4;4.0;0.0
16;AP;2001;12;9.0;2.0
16;AP;2002;12;8.0;4.0
16;AP;2003;15;12.0;2.0
16;AP;2004;15;14.0;1.0
16;AP;2005;15;13.0;2.0
16;AP;2006;13;10.0;3.0
16;AP;2007;12;8.0;4.0
16;AP;2008;13;13.0;0.0
16;AP;2009;12;10.0;2.0
16;AP;2010;16;14.0;2.0
16;AP;2011;19;16.0;3.0
16;AP;2012;17;15.0;2.0
16;AP;2013;19;15.0;2.0
16;AP;2014;20;19.0;1.0
16;AP;2015;18;13.0;3.0
16;AP;2016;17;15.0;2.0
16;AP;2017;27;23.0;2.0
16;AP;2018;15;12.0;2.0
16;AP;2019;19;17.0;1.0
16;AP;2020;22;21.0;1.0
16;AP;2021;19;18.0;0.0
16;AP;2022;16;16.0;0.0
16;AP;2023;15;15.0;
17;TO;1989;14;;
17;TO;1990;7;;
17;TO;1991;9;;
17;TO;1992;5;;
17;TO;1993;12;;
17;TO;1994;13;;
17;TO;1995;5;;
17;TO;1996;21;0.0;0.0
17;TO;1997;19;4.0;3.0
17;TO;1998;19;12.0;4.0
17;TO;1999;16;9.0;3.0
17;TO;2000;16;10.0;5.0
17;TO;2001;23;14.0;9.0
17;TO;2002;20;16.0;4.0
17;TO;2003;22;17.0;5.0
17;TO;2004;18;14.0;4.0
17;TO;2005;21;15.0;6.0
17;TO;2006;22;18.0;4.0
17;TO;2007;28;26.0;2.0
17;TO;2008;21;17.0;4.0
17;TO;2009;31;23.0;8.0
17;TO;2010;34;30.0;3.0
17;TO;2011;49;36.0;11.0
17;TO;2012;49;40.0;9.0
17;TO;2013;40;31.0;7.0
17;TO;2014;35;29.0;6.0
17;TO;2015;48;39.0;8.0
17;TO;2016;45;30.0;10.0
17;TO;2017;38;30.0;7.0
17;TO;2018;47;36.0;9.0
17;TO;2019;36;32.0;3.0
17;TO;2020;35;29.0;6.0
17;TO;2021;39;22.0;13.0
17;TO;2022;30;25.0;4.0
17;TO;2023;30;23.0;6.0
21;MA;1989;28;;
21;MA;1990;32;;
21;MA;1991;54;;
21;MA;1992;30;;
21;MA;1993;33;;
21;MA;1994;24;;
21;MA;1995;40;;
21;MA;1996;31;0.0;0.0
21;MA;1997;46;18.0;8.0
21;MA;1998;30;18.0;5.0
21;MA;1999;27;14.0;3.0
21;MA;2000;32;24.0;4.0
21;MA;2001;54;36.0;16.0
21;MA;2002;39;31.0;7.0
21;MA;2003;69;58.0;11.0
21;MA;2004;53;44.0;9.0
21;MA;2005;58;49.0;8.0
21;MA;2006;67;58.0;8.0
21;MA;2007;63;50.0;13.0
21;MA;2008;81;67.0;12.0
21;MA;2009;87;67.0;19.0
21;MA;2010;117;99.0;18.0
21;MA;2011;131;109.0;20.0
21;MA;2012;114;96.0;16.0
21;MA;2013;131;107.0;23.0
21;MA;2014;152;129.0;21.0
21;MA;2015;148;115.0;27.0
21;MA;2016;159;133.0;24.0
21;MA;2017;127;113.0;12.0
21;MA;2018;122;109.0;11.0
21;MA;2019;114;93.0;19.0
21;MA;2020;140;123.0;16.0
21;MA;2021;131;110.0;18.0
21;MA;2022;127;114.0;11.0
21;MA;2023;139;111.0;24.0
22;PI;1989;17;;
22;PI;1990;5;;
22;PI;1991;11;;
22;PI;1992;10;;
22;PI;1993;13;;
22;PI;1994;10;;
22;PI;1995;19;;
22;PI;1996;14;0.0;0.0
22;PI;1997;13;8.0;3.0
22;PI;1998;20;12.0;5.0
22;PI;1999;7;6.0;0.0
22;PI;2000;14;8.0;3.0
22;PI;2001;35;24.0;7.0
22;PI;2002;27;18.0;6.0
22;PI;2003;32;24.0;7.0
22;PI;2004;26;14.0;10.0
22;PI;2005;40;29.0;8.0
22;PI;2006;32;28.0;4.0
22;PI;2007;35;24.0;9.0
22;PI;2008;38;31.0;6.0
22;PI;2009;31;22.0;7.0
22;PI;2010;40;28.0;10.0
22;PI;2011;32;28.0;4.0
22;PI;2012;46;40.0;5.0
22;PI;2013;47;36.0;10.0
22;PI;2014;63;51.0;4.0
22;PI;2015;67;56.0;8.0
22;PI;2016;50;43.0;3.0
22;PI;2017;52;39.0;9.0
22;PI;2018;52;43.0;5.0
22;PI;2019;47;35.0;11.0
22;PI;2020;54;41.0;10.0
22;PI;2021;68;53.0;13.0
22;PI;2022;67;60.0;7.0
22;PI;2023;66;61.0;5.0
23;CE;1989;47;;
23;CE;1990;45;;
23;CE;1991;53;;
23;CE;1992;42;;
23;CE;1993;61;;
23;CE;1994;59;;
23;CE;1995;55;;
23;CE;1996;84;0.0;0.0
23;CE;1997;85;20.0;7.0
23;CE;1998;56;11.0;11.0
23;CE;1999;91;34.0;19.0
23;CE;2000;106;51.0;29.0
23;CE;2001;114;58.0;21.0
23;CE;2002;125;48.0;16.0
23;CE;2003;103;40.0;10.0
23;CE;2004;123;44.0;15.0
23;CE;2005;143;45.0;16.0
23;CE;2006;134;65.0;17.0
23;CE;2007;126;84.0;27.0
23;CE;2008;117;74.0;18.0
23;CE;2009;138;80.0;25.0
23;CE;2010;173;111.0;27.0
23;CE;2011;189;106.0;24.0
23;CE;2012;219;110.0;26.0
23;CE;2013;278;125.0;34.0
23;CE;2014;285;145.0;25.0
23;CE;2015;254;154.0;21.0
23;CE;2016;218;149.0;14.0
23;CE;2017;374;325.0;32.0
23;CE;2018;475;426.0;47.0
23;CE;2019;221;199.0;21.0
23;CE;2020;319;295.0;21.0
23;CE;2021;336;299.0;36.0
23;CE;2022;275;245.0;28.0
23;CE;2023;248;218.0;30.0
24;RN;1989;14;;
24;RN;1990;20;;
24;RN;1991;17;;
24;RN;1992;15;;
24;RN;1993;21;;
24;RN;1994;19;;
24;RN;1995;30;;
24;RN;1996;35;0.0;0.0
24;RN;1997;27;10.0;12.0
24;RN;1998;20;7.0;8.0
24;RN;1999;24;13.0;7.0
24;RN;2000;22;10.0;11.0
24;RN;2001;24;17.0;5.0
24;RN;2002;23;12.0;9.0
24;RN;2003;32;16.0;14.0
24;RN;2004;21;13.0;4.0
24;RN;2005;41;27.0;9.0
24;RN;2006;42;27.0;10.0
24;RN;2007;42;25.0;11.0
24;RN;2008;59;48.0;7.0
24;RN;2009;57;38.0;17.0
24;RN;2010;71;51.0;13.0
24;RN;2011;76;56.0;11.0
24;RN;2012;64;42.0;16.0
24;RN;2013;89;59.0;20.0
24;RN;2014;102;71.0;21.0
24;RN;2015;92;76.0;9.0
24;RN;2016;100;74.0;19.0
24;RN;2017;148;129.0;17.0
24;RN;2018;102;85.0;14.0
24;RN;2019;98;84.0;11.0
24;RN;2020;81;66.0;13.0
24;RN;2021;70;59.0;10.0
24;RN;2022;71;57.0;12.0
24;RN;2023;63;54.0;9.0
25;PB;1989;52;;
25;PB;1990;41;;
25;PB;1991;40;;
25;PB;1992;36;;
25;PB;1993;26;;
25;PB;1994;28;;
25;PB;1995;66;;
25;PB;1996;106;0.0;0.0
25;PB;1997;42;8.0;1.0
25;PB;1998;41;5.0;6.0
25;PB;1999;34;7.0;13.0
25;PB;2000;44;32.0;7.0
25;PB;2001;45;31.0;9.0
25;PB;2002;46;26.0;7.0
25;PB;2003;35;25.0;4.0
25;PB;2004;60;47.0;5.0
25;PB;2005;62;45.0;7.0
25;PB;2006;62;49.0;9.0
25;PB;2007;69;55.0;8.0
25;PB;2008;87;76.0;8.0
25;PB;2009;98;84.0;10.0
25;PB;2010;119;98.0;8.0
25;PB;2011;140;117.0;18.0
25;PB;2012;137;119.0;8.0
25;PB;2013;126;104.0;12.0
25;PB;2014;117;98.0;13.0
25;PB;2015;111;84.0;14.0
25;PB;2016;107;88.0;15.0
25;PB;2017;88;76.0;11.0
25;PB;2018;82;71.0;10.0
25;PB;2019;72;53.0;11.0
25;PB;2020;94;75.0;16.0
25;PB;2021;83;63.0;15.0
25;PB;2022;84;65.0;14.0
25;PB;2023;79;55.0;18.0
26;PE;1989;173;;
26;PE;1990;219;;
26;PE;1991;232;;
26;PE;1992;171;;
26;PE;1993;218;;
26;PE;1994;191;;
26;PE;1995;205;;
26;PE;1996;245;0.0;0.0
26;PE;1997;243;37.0;33.0
26;PE;1998;277;65.0;60.0
26;PE;1999;265;143.0;55.0
26;PE;2000;310;202.0;70.0
26;PE;2001;294;206.0;55.0
26;PE;2002;274;178.0;75.0
26;PE;2003;274;187.0;53.0
26;PE;2004;276;206.0;56.0
26;PE;2005;282;226.0;37.0
26;PE;2006;310;261.0;37.0
26;PE;2007;290;241.0;36.0
26;PE;2008;298;245.0;45.0
26;PE;2009;304;252.0;42.0
26;PE;2010;247;197.0;29.0
26;PE;2011;261;223.0;21.0
26;PE;2012;216;185.0;21.0
26;PE;2013;256;224.0;27.0
26;PE;2014;239;203.0;33.0
26;PE;2015;233;198.0;32.0
26;PE;2016;282;238.0;39.0
26;PE;2017;310;257.0;50.0
26;PE;2018;240;189.0;46.0
26;PE;2019;204;158.0;45.0
26;PE;2020;223;181.0;40.0
26;PE;2021;245;195.0;45.0
26;PE;2022;229;184.0;44.0
26;PE;2023;290;240.0;128.0
27;AL;1989;66;;
27;AL;1990;55;;
27;AL;1991;67;;
27;AL;1992;53;;
27;AL;1993;50;;
27;AL;1994;48;;
27;AL;1995;62;;
27;AL;1996;70;0.0;0.0
27;AL;1997;62;8.0;4.0
27;AL;1998;45;18.0;8.0
27;AL;1999;55;30.0;7.0
27;AL;2000;64;46.0;10.0
27;AL;2001;54;31.0;11.0
27;AL;2002;70;39.0;7.0
27;AL;2003;67;39.0;5.0
27;AL;2004;75;42.0;9.0
27;AL;2005;74;46.0;8.0
27;AL;2006;106;66.0;6.0
27;AL;2007;109;68.0;11.0
27;AL;2008;83;71.0;3.0
27;AL;2009;111;96.0;2.0
27;AL;2010;137;104.0;6.0
27;AL;2011;138;114.0;7.0
27;AL;2012;133;116.0;12.0
27;AL;2013;142;117.0;18.0
27;AL;2014;125;118.0;4.0
27;AL;2015;95;90.0;1.0
27;AL;2016;101;91.0;6.0
27;AL;2017;111;104.0;1.0
27;AL;2018;67;55.0;3.0
27;AL;2019;90;89.0;0.0
27;AL;2020;89;88.0;0.0
27;AL;2021;65;65.0;0.0
27;AL;2022;77;72.0;4.0
27;AL;2023;75;71.0;2.0
28;SE;1989;15;;
28;SE;1990;13;;
28;SE;1991;21;;
28;SE;1992;28;;
28;SE;1993;25;;
28;SE;1994;32;;
28;SE;1995;27;;
28;SE;1996;30;0.0;0.0
28;SE;1997;18;3.0;3.0
28;SE;1998;13;5.0;2.0
28;SE;1999;40;12.0;7.0
28;SE;2000;37;15.0;5.0
28;SE;2001;31;15.0;6.0
28;SE;2002;37;22.0;7.0
28;SE;2003;34;16.0;8.0
28;SE;2004;29;15.0;6.0
28;SE;2005;28;22.0;4.0
28;SE;2006;40;22.0;9.0
28;SE;2007;34;21.0;9.0
28;SE;2008;30;21.0;8.0
28;SE;2009;36;21.0;9.0
28;SE;2010;43;36.0;6.0
28;SE;2011;60;50.0;9.0
28;SE;2012;62;52.0;9.0
28;SE;2013;56;48.0;8.0
28;SE;2014;74;65.0;9.0
28;SE;2015;70;64.0;5.0
28;SE;2016;60;54.0;5.0
28;SE;2017;77;64.0;12.0
28;SE;2018;40;34.0;6.0
28;SE;2019;53;50.0;3.0
28;SE;2020;43;37.0;6.0
28;SE;2021;37;34.0;3.0
28;SE;2022;36;32.0;4.0
28;SE;2023;41;37.0;3.0
29;BA;1989;80;;
29;BA;1990;77;;
29;BA;1991;64;;
29;BA;1992;79;;
29;BA;1993;120;;
29;BA;1994;180;;
29;BA;1995;165;;
29;BA;1996;176;0.0;0.0
29;BA;1997;175;11.0;4.0
29;BA;1998;101;24.0;3.0
29;BA;1999;88;41.0;9.0
29;BA;2000;132;90.0;15.0
29;BA;2001;122;81.0;13.0
29;BA;2002;123;88.0;15.0
29;BA;2003;152;100.0;18.0
29;BA;2004;195;155.0;20.0
29;BA;2005;211;164.0;22.0
29;BA;2006;243;197.0;21.0
29;BA;2007;249;207.0;27.0
29;BA;2008;315;260.0;34.0
29;BA;2009;345;284.0;32.0
29;BA;2010;438;361.0;42.0
29;BA;2011;449;375.0;40.0
29;BA;2012;437;368.0;42.0
29;BA;2013;423;362.0;42.0
29;BA;2014;385;323.0;50.0
29;BA;2015;382;331.0;42.0
29;BA;2016;441;379.0;50.0
29;BA;2017;487;417.0;55.0
29;BA;2018;427;369.0;44.0
29;BA;2019;396;358.0;30.0
29;BA;2020;444;387.0;43.0
29;BA;2021;463;401.0;51.0
29;BA;2022;411;368.0;38.0
29;BA;2023;463;411.0;47.0
31;MG;1989;168;;
31;MG;1990;148;;
31;MG;1991;159;;
31;MG;1992;154;;
31;MG;1993;181;;
31;MG;1994;170;;
31;MG;1995;145;;
31;MG;1996;185;0.0;0.0
31;MG;1997;179;60.0;49.0
31;MG;1998;201;92.0;57.0
31;MG;1999;222;110.0;69.0
31;MG;2000;252;125.0;102.0
31;MG;2001;241;119.0;94.0
31;MG;2002;294;151.0;120.0
31;MG;2003;376;199.0;152.0
31;MG;2004;373;230.0;115.0
31;MG;2005;377;212.0;143.0
31;MG;2006;392;238.0;138.0
31;MG;2007;403;248.0;131.0
31;MG;2008;377;221.0;133.0
31;MG;2009;402;246.0;132.0
31;MG;2010;409;259.0;141.0
31;MG;2011;457;283.0;165.0
31;MG;2012;460;303.0;148.0
31;MG;2013;427;274.0;145.0
31;MG;2014;403;259.0;141.0
31;MG;2015;415;267.0;139.0
31;MG;2016;375;247.0;122.0
31;MG;2017;388;261.0;122.0
31;MG;2018;349;241.0;105.0
31;MG;2019;295;207.0;86.0
31;MG;2020;270;166.0;102.0
31;MG;2021;249;159.0;88.0
31;MG;2022;272;166.0;101.0
31;MG;2023;280;202.0;76.0
32;ES;1989;75;;
32;ES;1990;88;;
32;ES;1991;95;;
32;ES;1992;85;;
32;ES;1993;101;;
32;ES;1994;108;;
32;ES;1995;123;;
32;ES;1996;123;0.0;0.0
32;ES;1997;128;20.0;16.0
32;ES;1998;163;32.0;22.0
32;ES;1999;128;45.0;22.0
32;ES;2000;113;49.0;23.0
32;ES;2001;132;58.0;33.0
32;ES;2002;149;71.0;29.0
32;ES;2003;141;67.0;42.0
32;ES;2004;137;69.0;33.0
32;ES;2005;149;90.0;30.0
32;ES;2006;183;103.0;44.0
32;ES;2007;186;116.0;32.0
32;ES;2008;190;129.0;30.0
32;ES;2009;216;152.0;32.0
32;ES;2010;174;128.0;34.0
32;ES;2011;167;104.0;40.0
32;ES;2012;163;137.0;17.0
32;ES;2013;171;129.0;36.0
32;ES;2014;140;110.0;25.0
32;ES;2015;141;107.0;24.0
32;ES;2016;104;81.0;18.0
32;ES;2017;151;116.0;26.0
32;ES;2018;100;76.0;20.0
32;ES;2019;97;73.0;13.0
32;ES;2020;101;78.0;16.0
32;ES;2021;125;88.0;25.0
32;ES;2022;102;72.0;23.0
32;ES;2023;99;75.0;21.0
33;RJ;1989;304;;
33;RJ;1990;477;;
33;RJ;1991;370;;
33;RJ;1992;319;;
33;RJ;1993;381;;
33;RJ;1994;491;;
33;RJ;1995;587;;
33;RJ;1996;651;0.0;0.0
33;RJ;1997;646;294.0;250.0
33;RJ;1998;560;255.0;202.0
33;RJ;1999;543;265.0;232.0
33;RJ;2000;540;265.0;246.0
33;RJ;2001;566;306.0;206.0
33;RJ;2002;560;284.0;236.0
33;RJ;2003;527;277.0;228.0
33;RJ;2004;506;251.0;230.0
33;RJ;2005;507;273.0;204.0
33;RJ;2006;504;267.0;219.0
33;RJ;2007;416;216.0;187.0
33;RJ;2008;373;223.0;133.0
33;RJ;2009;350;190.0;145.0
33;RJ;2010;339;196.0;128.0
33;RJ;2011;366;223.0;127.0
33;RJ;2012;365;223.0;125.0
33;RJ;2013;387;236.0;137.0
33;RJ;2014;464;283.0;164.0
33;RJ;2015;387;233.0;150.0
33;RJ;2016;428;276.0;142.0
33;RJ;2017;401;260.0;136.0
33;RJ;2018;380;242.0;130.0
33;RJ;2019;217;131.0;86.0
33;RJ;2020;285;196.0;85.0
33;RJ;2021;284;179.0;105.0
33;RJ;2022;253;161.0;91.0
33;RJ;2023;334;205.0;49.0
35;SP;1989;671;;
35;SP;1990;679;;
35;SP;1991;789;;
35;SP;1992;644;;
35;SP;1993;726;;
35;SP;1994;787;;
35;SP;1995;959;;
35;SP;1996;959;24.0;143.0
35;SP;1997;1028;151.0;274.0
35;SP;1998;1034;351.0;573.0
35;SP;1999;1123;412.0;644.0
35;SP;2000;1150;378.0;740.0
35;SP;2001;1100;379.0;699.0
35;SP;2002;1053;363.0;673.0
35;SP;2003;1029;378.0;640.0
35;SP;2004;861;285.0;572.0
35;SP;2005;776;260.0;512.0
35;SP;2006;788;242.0;530.0
35;SP;2007;595;185.0;396.0
35;SP;2008;667;199.0;451.0
35;SP;2009;660;230.0;413.0
35;SP;2010;678;223.0;424.0
35;SP;2011;580;179.0;380.0
35;SP;2012;640;257.0;370.0
35;SP;2013;620;215.0;401.0
35;SP;2014;612;227.0;371.0
35;SP;2015;559;201.0;349.0
35;SP;2016;507;200.0;302.0
35;SP;2017;495;166.0;321.0
35;SP;2018;454;176.0;267.0
35;SP;2019;405;149.0;249.0
35;SP;2020;397;146.0;248.0
35;SP;2021;342;131.0;209.0
35;SP;2022;373;159.0;213.0
35;SP;2023;389;170.0;217.0
41;PR;1989;105;;
41;PR;1990;125;;
41;PR;1991;149;;
41;PR;1992;116;;
41;PR;1993;138;;
41;PR;1994;130;;
41;PR;1995;163;;
41;PR;1996;154;0.0;0.0
41;PR;1997;157;4.0;36.0
41;PR;1998;178;22.0;117.0
41;PR;1999;182;30.0;126.0
41;PR;2000;164;22.0;137.0
41;PR;2001;197;24.0;169.0
41;PR;2002;204;35.0;167.0
41;PR;2003;227;32.0;190.0
41;PR;2004;249;41.0;202.0
41;PR;2005;239;50.0;185.0
41;PR;2006;249;48.0;196.0
41;PR;2007;241;41.0;193.0
41;PR;2008;306;55.0;244.0
41;PR;2009;331;57.0;274.0
41;PR;2010;338;51.0;283.0
41;PR;2011;283;55.0;220.0
41;PR;2012;321;68.0;248.0
41;PR;2013;283;59.0;223.0
41;PR;2014;284;63.0;218.0
41;PR;2015;244;49.0;193.0
41;PR;2016;238;44.0;190.0
41;PR;2017;247;33.0;207.0
41;PR;2018;211;63.0;146.0
41;PR;2019;204;57.0;145.0
41;PR;2020;197;52.0;145.0
41;PR;2021;197;73.0;122.0
41;PR;2022;240;70.0;168.0
41;PR;2023;230;76.0;150.0
42;SC;1989;39;;
42;SC;1990;46;;
42;SC;1991;38;;
42;SC;1992;50;;
42;SC;1993;34;;
42;SC;1994;45;;
42;SC;1995;48;;
42;SC;1996;67;0.0;0.0
42;SC;1997;51;1.0;12.0
42;SC;1998;69;2.0;44.0
42;SC;1999;50;1.0;42.0
42;SC;2000;53;9.0;40.0
42;SC;2001;60;7.0;41.0
42;SC;2002;75;9.0;61.0
42;SC;2003;70;8.0;52.0
42;SC;2004;79;7.0;63.0
42;SC;2005;68;6.0;54.0
42;SC;2006;92;15.0;70.0
42;SC;2007;70;6.0;60.0
42;SC;2008;86;8.0;74.0
42;SC;2009;93;8.0;82.0
42;SC;2010;110;15.0;94.0
42;SC;2011;74;5.0;68.0
42;SC;2012;104;18.0;85.0
42;SC;2013;102;16.0;82.0
42;SC;2014;111;21.0;88.0
42;SC;2015;97;18.0;79.0
42;SC;2016;107;27.0;80.0
42;SC;2017;109;23.0;86.0
42;SC;2018;91;17.0;74.0
42;SC;2019;114;26.0;86.0
42;SC;2020;86;18.0;67.0
42;SC;2021;92;11.0;79.0
42;SC;2022;93;16.0;76.0
42;SC;2023;105;19.0;87.0
43;RS;1989;142;;
43;RS;1990;157;;
43;RS;1991;156;;
43;RS;1992;161;;
43;RS;1993;113;;
43;RS;1994;138;;
43;RS;1995;151;;
43;RS;1996;192;0.0;0.0
43;RS;1997;190;23.0;144.0
43;RS;1998;181;30.0;137.0
43;RS;1999;163;21.0;134.0
43;RS;2000;175;22.0;147.0
43;RS;2001;180;17.0;156.0
43;RS;2002;198;34.0;162.0
43;RS;2003;177;23.0;152.0
43;RS;2004;195;26.0;167.0
43;RS;2005;209;22.0;186.0
43;RS;2006;162;30.0;128.0
43;RS;2007;193;29.0;161.0
43;RS;2008;219;32.0;184.0
43;RS;2009;225;36.0;186.0
43;RS;2010;227;38.0;185.0
43;RS;2011;202;21.0;180.0
43;RS;2012;247;39.0;202.0
43;RS;2013;210;33.0;173.0
43;RS;2014;250;51.0;196.0
43;RS;2015;284;55.0;223.0
43;RS;2016;308;50.0;250.0
43;RS;2017;302;61.0;238.0
43;RS;2018;256;54.0;201.0
43;RS;2019;236;52.0;177.0
43;RS;2020;214;49.0;162.0
43;RS;2021;230;45.0;182.0
43;RS;2022;250;57.0;192.0
43;RS;2023;224;50.0;173.0
50;MS;1989;39;;
50;MS;1990;40;;
50;MS;1991;47;;
50;MS;1992;58;;
50;MS;1993;39;;
50;MS;1994;48;;
50;MS;1995;51;;
50;MS;1996;79;0.0;0.0
50;MS;1997;71;0.0;0.0
50;MS;1998;73;2.0;3.0
50;MS;1999;63;13.0;19.0
50;MS;2000;72;30.0;38.0
50;MS;2001;64;31.0;29.0
50;MS;2002;77;35.0;41.0
50;MS;2003;64;27.0;35.0
50;MS;2004;55;30.0;24.0
50;MS;2005;70;31.0;38.0
50;MS;2006;55;24.0;29.0
50;MS;2007;67;28.0;39.0
50;MS;2008;60;22.0;38.0
50;MS;2009;65;25.0;40.0
50;MS;2010;76;38.0;33.0
50;MS;2011;78;40.0;38.0
50;MS;2012;77;45.0;32.0
50;MS;2013;75;40.0;34.0
50;MS;2014;85;44.0;40.0
50;MS;2015;58;38.0;20.0
50;MS;2016;80;46.0;34.0
50;MS;2017;61;33.0;28.0
50;MS;2018;66;38.0;28.0
50;MS;2019;61;26.0;35.0
50;MS;2020;71;38.0;32.0
50;MS;2021;66;42.0;24.0
50;MS;2022;71;41.0;30.0
50;MS;2023;48;27.0;20.0
51;MT;1989;31;;
51;MT;1990;39;;
51;MT;1991;49;;
51;MT;1992;35;;
51;MT;1993;31;;
51;MT;1994;20;;
51;MT;1995;66;;
51;MT;1996;87;0.0;0.0
51;MT;1997;88;23.0;21.0
51;MT;1998;93;46.0;23.0
51;MT;1999;71;34.0;23.0
51;MT;2000;81;47.0;33.0
51;MT;2001;92;56.0;33.0
51;MT;2002;92;53.0;37.0
51;MT;2003;90;53.0;34.0
51;MT;2004;99;60.0;39.0
51;MT;2005;89;51.0;38.0
51;MT;2006;70;42.0;28.0
51;MT;2007;95;54.0;41.0
51;MT;2008;86;57.0;27.0
51;MT;2009;94;55.0;38.0
51;MT;2010;80;54.0;26.0
51;MT;2011;87;60.0;27.0
51;MT;2012;100;62.0;35.0
51;MT;2013;91;62.0;28.0
51;MT;2014;111;76.0;33.0
51;MT;2015;118;88.0;30.0
51;MT;2016;104;77.0;26.0
51;MT;2017;92;70.0;22.0
51;MT;2018;88;71.0;16.0
51;MT;2019;84;56.0;27.0
51;MT;2020;105;79.0;25.0
51;MT;2021;81;62.0;19.0
51;MT;2022;108;84.0;23.0
51;MT;2023;103;75.0;29.0
52;GO;1989;91;;
52;GO;1990;58;;
52;GO;1991;110;;
52;GO;1992;125;;
52;GO;1993;96;;
52;GO;1994;93;;
52;GO;1995;129;;
52;GO;1996;119;0.0;0.0
52;GO;1997;94;16.0;13.0
52;GO;1998;76;12.0;12.0
52;GO;1999;117;28.0;40.0
52;GO;2000;142;53.0;51.0
52;GO;2001;131;61.0;42.0
52;GO;2002;145;68.0;50.0
52;GO;2003;143;74.0;45.0
52;GO;2004;142;64.0;64.0
52;GO;2005;133;83.0;46.0
52;GO;2006;143;91.0;48.0
52;GO;2007;139;82.0;51.0
52;GO;2008;160;104.0;49.0
52;GO;2009;165;117.0;45.0
52;GO;2010;182;128.0;48.0
52;GO;2011;262;182.0;67.0
52;GO;2012;247;171.0;67.0
52;GO;2013;271;191.0;66.0
52;GO;2014;290;212.0;77.0
52;GO;2015;255;176.0;76.0
52;GO;2016;238;180.0;54.0
52;GO;2017;256;190.0;59.0
52;GO;2018;220;154.0;63.0
52;GO;2019;161;115.0;43.0
52;GO;2020;134;93.0;36.0
52;GO;2021;145;95.0;47.0
52;GO;2022;146;95.0;51.0
52;GO;2023;121;88.0;31.0
53;DF;1989;23;;
53;DF;1990;40;;
53;DF;1991;52;;
53;DF;1992;40;;
53;DF;1993;49;;
53;DF;1994;50;;
53;DF;1995;57;;
53;DF;1996;52;0.0;0.0
53;DF;1997;48;31.0;10.0
53;DF;1998;54;37.0;13.0
53;DF;1999;60;40.0;15.0
53;DF;2000;41;32.0;7.0
53;DF;2001;44;34.0;8.0
53;DF;2002;50;36.0;13.0
53;DF;2003;62;45.0;14.0
53;DF;2004;52;43.0;8.0
53;DF;2005;47;32.0;14.0
53;DF;2006;49;39.0;9.0
53;DF;2007;55;41.0;13.0
53;DF;2008;64;57.0;7.0
53;DF;2009;76;61.0;14.0
53;DF;2010;66;50.0;15.0
53;DF;2011;79;61.0;16.0
53;DF;2012;77;63.0;11.0
53;DF;2013;78;66.0;12.0
53;DF;2014;60;46.0;13.0
53;DF;2015;58;45.0;13.0
53;DF;2016;64;53.0;11.0
53;DF;2017;46;34.0;12.0
53;DF;2018;55;35.0;18.0
53;DF;2019;55;36.0;18.0
53;DF;2020;35;20.0;15.0
53;DF;2021;46;27.0;18.0
53;DF;2022;35;26.0;8.0
53;DF;2023;44;31.0;13.0
